{"QMC_max(MATCH,CUT)/OPT": 0.7475180797926428, "QMC_max(MATCH,.956*CUT)/OPT": 0.7340245141572291, "XY_max(MATCH,CUT)/OPT": 0.811402961189511, "XY_max(MATCH,.935*CUT)/OPT": 0.7668015811448603, "XY_max(MATCH,CUT)_apx": 0.8287548844482482, "XY_max(MATCH,.935*CUT)_apx": 0.783545464811829}